INSERT INTO cart (id, cart_type, user_id) VALUES(1, 'SHIPPING_VISIT', 0x672FFB8CF95249ECB65B4FE3A9C37B28);
INSERT INTO cart (id, cart_type, user_id) VALUES(2, 'DELIVERY_PICKUP', 0x672FFB8CF95249ECB65B4FE3A9C37B28);
INSERT INTO cart (id, cart_type, user_id) VALUES(3, 'RESERVATION', 0x672FFB8CF95249ECB65B4FE3A9C37B28);

INSERT INTO cart_item (id, is_deleted, send_type, cart_id, item_id, user_id) VALUES(0x52076F377A3F421D9C4A5355E293964E, 0, 'SHIPPING', 1, 0xA103AF333EB04EFDA885BF7CAB7644B8, 0x672FFB8CF95249ECB65B4FE3A9C37B28);
INSERT INTO cart_item (id, is_deleted, send_type, cart_id, item_id, user_id) VALUES(0x935DAD9471DF4035A55E3D4126EBFC9B, 0, 'VISIT', 1, 0xA103AF333EB04EFDA885BF7CAB7644B8, 0x672FFB8CF95249ECB65B4FE3A9C37B28);
INSERT INTO cart_item (id, is_deleted, send_type, cart_id, item_id, user_id) VALUES(0xA74F047ABE8A4CFBBBBE10967D411BDE, 0, 'DELIVERY', 2, 0xA103AF333EB04EFDA885BF7CAB7644B8, 0x672FFB8CF95249ECB65B4FE3A9C37B28);
INSERT INTO cart_item (id, is_deleted, send_type, cart_id, item_id, user_id) VALUES(0x561B36BEEB014C618DF91FA8C98C48B1, 0, 'PICKUP', 2, 0xA103AF333EB04EFDA885BF7CAB7644B8, 0x672FFB8CF95249ECB65B4FE3A9C37B28);
INSERT INTO cart_item (id, is_deleted, send_type, cart_id, item_id, user_id) VALUES(0x024C768FF6934C2AA7A170830F5C2114, 0, 'SHIPPING', 1, 0x169F84F88862477CAD270B79871DEB27, 0x672FFB8CF95249ECB65B4FE3A9C37B28);
INSERT INTO cart_item (id, is_deleted, send_type, cart_id, item_id, user_id) VALUES(0xEFF9DE2FBF6E4486970830B859E6BF65, 0, 'PICKUP', 2, 0x1523BC68E8F74140B7DDCBFE622E068A, 0x672FFB8CF95249ECB65B4FE3A9C37B28);

INSERT INTO selected_option (id, count, is_deleted, cart_item_id) VALUES(0x8CE9A543D6494A6E970EEE2A57B4B4E6, 1, 0, 0x52076F377A3F421D9C4A5355E293964E);
INSERT INTO selected_option (id, count, is_deleted, cart_item_id) VALUES(0x9C963AB4F4BE4AF7A2868B0DD8F7CFC6, 1, 0, 0x52076F377A3F421D9C4A5355E293964E);
INSERT INTO selected_option (id, count, is_deleted, cart_item_id) VALUES(0x7105C0A777B94D7DB52B610573F6583B, 1, 0, 0x935DAD9471DF4035A55E3D4126EBFC9B);
INSERT INTO selected_option (id, count, is_deleted, cart_item_id) VALUES(0xF7F30BCA23F44C07BE04B376C5DF3EF9, 1, 0, 0x935DAD9471DF4035A55E3D4126EBFC9B);
INSERT INTO selected_option (id, count, is_deleted, cart_item_id) VALUES(0x01A0DCB13A714FA49AA56F811B4E6FB9, 1, 0, 0xA74F047ABE8A4CFBBBBE10967D411BDE);
INSERT INTO selected_option (id, count, is_deleted, cart_item_id) VALUES(0xC3AB4968B5F8459EA1922D4F788C14DA, 1, 0, 0xA74F047ABE8A4CFBBBBE10967D411BDE);
INSERT INTO selected_option (id, count, is_deleted, cart_item_id) VALUES(0x6B084719E3DB4F94A5E3659D4BBA8C61, 1, 0, 0x561B36BEEB014C618DF91FA8C98C48B1);
INSERT INTO selected_option (id, count, is_deleted, cart_item_id) VALUES(0x8D448962FA43488DAC9222CA43035D34, 1, 0, 0x561B36BEEB014C618DF91FA8C98C48B1);
INSERT INTO selected_option (id, count, is_deleted, cart_item_id) VALUES(0x3E48F757612147AD8CE944BF77FA77DE, 1, 0, 0x024C768FF6934C2AA7A170830F5C2114);
INSERT INTO selected_option (id, count, is_deleted, cart_item_id) VALUES(0x8C4828A6A736481F83A27330E972B7C9, 1, 0, 0x024C768FF6934C2AA7A170830F5C2114);
INSERT INTO selected_option (id, count, is_deleted, cart_item_id) VALUES(0x170B407D331D4C6993E365EF638FA313, 1, 0, 0xEFF9DE2FBF6E4486970830B859E6BF65);
INSERT INTO selected_option (id, count, is_deleted, cart_item_id) VALUES(0xEC85B870215B49479167A736D3D94808, 1, 0, 0xEFF9DE2FBF6E4486970830B859E6BF65);

INSERT INTO cart_option_group (id, option_group_id, selected_option_id) VALUES(0xD3FF1F2E86734105BE1207D260D36577, 0x94D51259CD754A2FBE7313D7F798FB51, 0x8CE9A543D6494A6E970EEE2A57B4B4E6);
INSERT INTO cart_option_group (id, option_group_id, selected_option_id) VALUES(0xDF84BFDDC6B34F8499DFE0D1A8996C69, 0x86A74CDFCF9C434691009D2096B9E535, 0x9C963AB4F4BE4AF7A2868B0DD8F7CFC6);
INSERT INTO cart_option_group (id, option_group_id, selected_option_id) VALUES(0x28F10FA0004145C796AC1890CCCD9710, 0x86A74CDFCF9C434691009D2096B9E535, 0xF7F30BCA23F44C07BE04B376C5DF3EF9);
INSERT INTO cart_option_group (id, option_group_id, selected_option_id) VALUES(0xA7BBBAEFD82044B79A6CB7934EA66CD1, 0x94D51259CD754A2FBE7313D7F798FB51, 0x7105C0A777B94D7DB52B610573F6583B);
INSERT INTO cart_option_group (id, option_group_id, selected_option_id) VALUES(0x819F75408A1B4823B716DD19A1BBB3A8, 0x86A74CDFCF9C434691009D2096B9E535, 0xC3AB4968B5F8459EA1922D4F788C14DA);
INSERT INTO cart_option_group (id, option_group_id, selected_option_id) VALUES(0xFB6C244146064A8FB7E2F9DC823615DB, 0x94D51259CD754A2FBE7313D7F798FB51, 0x01A0DCB13A714FA49AA56F811B4E6FB9);
INSERT INTO cart_option_group (id, option_group_id, selected_option_id) VALUES(0x6097BEFA6B4048B0AA14FBC10BAE636B, 0x86A74CDFCF9C434691009D2096B9E535, 0x6B084719E3DB4F94A5E3659D4BBA8C61);
INSERT INTO cart_option_group (id, option_group_id, selected_option_id) VALUES(0x9CBC5A45AD6443EC91E5EE8D356B56D0, 0xEBE5C00592414149844AC0EE1EABB29C, 0xEC85B870215B49479167A736D3D94808);
INSERT INTO cart_option_group (id, option_group_id, selected_option_id) VALUES(0x94141214CC1D42DEA0A32549A25E0D9D, 0x94D51259CD754A2FBE7313D7F798FB51, 0x8D448962FA43488DAC9222CA43035D34);
INSERT INTO cart_option_group (id, option_group_id, selected_option_id) VALUES(0x28EE0DFCE11C4F00AB129E46F1001EA7, 0x62CFA7AB26F546CFAF80F9DEDFDA5693, 0x3E48F757612147AD8CE944BF77FA77DE);
INSERT INTO cart_option_group (id, option_group_id, selected_option_id) VALUES(0xFAD6E4E665754E0E93FAEB295CD295FF, 0xD1CB3733DA60413E95748085372BBCE7, 0x8C4828A6A736481F83A27330E972B7C9);
INSERT INTO cart_option_group (id, option_group_id, selected_option_id) VALUES(0x352F076C12834F358736B71422CA549F, 0x53D4CAAC64E945AAB60673B8B51192A7, 0x170B407D331D4C6993E365EF638FA313);

INSERT INTO cart_option (id, count, cart_option_group_id, option_id) VALUES(0x08FE442173BE4D74B4DB9C6FB55A3567, 1, 0xDF84BFDDC6B34F8499DFE0D1A8996C69, 0x4395B166133F4ADC8F0256226DC221F9);
INSERT INTO cart_option (id, count, cart_option_group_id, option_id) VALUES(0x51C4C29551404E42BE2D81B49A0D64CF, 1, 0xD3FF1F2E86734105BE1207D260D36577, 0xB54EE7AF0C104C2FBCE22FB62E42269B);
INSERT INTO cart_option (id, count, cart_option_group_id, option_id) VALUES(0x7C3D2669E1234A4A811C23F640CD2151, 1, 0xA7BBBAEFD82044B79A6CB7934EA66CD1, 0xB54EE7AF0C104C2FBCE22FB62E42269B);
INSERT INTO cart_option (id, count, cart_option_group_id, option_id) VALUES(0xEAF383C4085243F0B641917E7079C602, 1, 0x28F10FA0004145C796AC1890CCCD9710, 0x4395B166133F4ADC8F0256226DC221F9);
INSERT INTO cart_option (id, count, cart_option_group_id, option_id) VALUES(0x04AB53D77BAA4933B402B912DE402992, 1, 0xFB6C244146064A8FB7E2F9DC823615DB, 0xB54EE7AF0C104C2FBCE22FB62E42269B);
INSERT INTO cart_option (id, count, cart_option_group_id, option_id) VALUES(0x87DCF812817A42D5B10D7DA64DBB8240, 1, 0x819F75408A1B4823B716DD19A1BBB3A8, 0x4395B166133F4ADC8F0256226DC221F9);
INSERT INTO cart_option (id, count, cart_option_group_id, option_id) VALUES(0x2FE5EC912F7742B986F87CF04ED315FB, 1, 0x6097BEFA6B4048B0AA14FBC10BAE636B, 0x4395B166133F4ADC8F0256226DC221F9);
INSERT INTO cart_option (id, count, cart_option_group_id, option_id) VALUES(0x5AEB4EEDED6144F2A272D446DC7E5CF3, 1, 0x94141214CC1D42DEA0A32549A25E0D9D, 0xB54EE7AF0C104C2FBCE22FB62E42269B);
INSERT INTO cart_option (id, count, cart_option_group_id, option_id) VALUES(0xB5C455F4BFAC4DA9AF9ECC3B1D10F7A5, 1, 0xFAD6E4E665754E0E93FAEB295CD295FF, 0x97CAFFE371344C018D4BAD2C28E7258A);
INSERT INTO cart_option (id, count, cart_option_group_id, option_id) VALUES(0xDAE52D65D03048E5B1890B547A40E4AE, 1, 0x28EE0DFCE11C4F00AB129E46F1001EA7, 0xD8B52A5A45E7424ABEAA7F281081F1C6);
INSERT INTO cart_option (id, count, cart_option_group_id, option_id) VALUES(0xC0B0D9BD59094F1BB6B6864BCADD3BDC, 1, 0x9CBC5A45AD6443EC91E5EE8D356B56D0, 0x434A6E11EDB04DEA80DF90C495BD4C86);
INSERT INTO cart_option (id, count, cart_option_group_id, option_id) VALUES(0xC92BA939BCFA443BB63A7D7458772893, 1, 0x352F076C12834F358736B71422CA549F, 0xAFE79F9E1F2E45EAB25FFC8C3F9C2366);
